<?xml version="1.0" encoding="UTF-8"?>
<configuration>

    <appender name="STDOUT"
              class="ch.qos.logback.core.ConsoleAppender">
        <encoder>
            <!-- ON PEUT VIRER L'HEURE ICI -->
            <pattern>
                %-5level %logger{15}.%M %msg%n
            </pattern>
        </encoder>
    </appender>

    <!-- ON GARDE QUE CES LOGS LA -->
    <logger name="org.hibernate.SQL" level="DEBUG"/>
    <logger name="org.hibernate.type.descriptor.sql.BasicBinder" level="TRACE"/>


    <!-- logs globaux -->
    <!-- METTRE LES LOGS EN INFOS -->
    <root level="INFO">
        <appender-ref ref="STDOUT" />
    </root>

</configuration>